1,00ce768a8138c780.jpg,1
2,00cec5b9044323ca.jpg,1
3,00cf98476d5c76a4.jpg,1
4,00b2493f0d5b8501.jpg,1
5,00a44dc6f7b7e8da.jpg,1
6,00a7e701513637f3.jpg,1
7,0000d67245642c5f.jpg,1
8,00cca80fa3aa5b1b.jpg,1
9,00cb389da529ba46.jpg,1
10,00ae9e06200fd476.jpg,1
11,00af791d51628542.jpg,1
12,00a0c5ea5b4f3989.jpg,1
13,000a017e2b7063a7.jpg,1
14,00b4f59578b53599.jpg,1
15,000fbd342baaadd3.jpg,1
16,0a5b90cee67825ab.jpg,2
17,00b82a370e0157c5.jpg,2
18,00e194d3c0fd8930.jpg,2
19,0a6b1ead3def6ed8.jpg,2
20,0a4bcc3cc7630547.jpg,2
21,000f18da4c446aab.jpg,2
22,00b2ee921120d1a0.jpg,2
23,00dbd5dff10261ab.jpg,2
24,00b1907ffd004851.jpg,2
25,0a9e166c53077966.jpg,2
26,00ba61f8cfacadd4.jpg,2
27,0a23df4b6f448339.jpg,2
28,0a0af2d7a6a47564.jpg,2
29,0a0e21e69217f83f.jpg,2
30,00b01c5b231e0853.jpg,3
31,00ab9f96dbd14fab.jpg,3
32,000d6aba3b0af069.jpg,3
33,00c9df88b4cafdd7.jpg,3
34,00c4de6e6d3fd111.jpg,3
35,00ae3a33d8af4b33.jpg,3
36,00a99c2260adb717.jpg,3
37,00aaab0957a2f14d.jpg,3
38,00b452f07273b555.jpg,3
39,00c689b1bb4ae4a0.jpg,4
40,00c2db0fd32a0f2b.jpg,4
41,00b6654f37f1f655.jpg,4
42,000b39037205b35d.jpg,4
43,00bbf04e4c98bc11.jpg,4
44,00c37dc70d8f99ff.jpg,4
45,00c646245b319944.jpg,4
46,00caaabba2ab255e.jpg,4
47,00c2f730d2f44390.jpg,4
48,00b0508b8267915e.jpg,5
49,0a1b133358b1ce7e.jpg,5
50,0a99b9a7f26038b3.jpg,5
51,0a7aa2105f4fd102.jpg,5
52,0a1a83baada2c980.jpg,5
53,0ab7dec6b7126f97.jpg,5
54,0aa3e823c92a41fe.jpg,5
55,00caf762535ab020.jpg,5
56,00cc8d22e4dda41d.jpg,5
57,0a50de9d83760958.jpg,5
58,00d8d8a2fe276b66.jpg,5
59,0aa1cc57022a5f64.jpg,5
60,0a4491cb52b6bbae.jpg,5
61,00d3ef1c8cbca06f.jpg,5
62,0add150db0dcd4e2.jpg,6
63,0ae4592599b6392d.jpg,6
64,0b2b3c70fc932a29.jpg,6
65,0ab113d8852dddd7.jpg,6
66,0af0823283461fd5.jpg,6
67,0af80fe4eac726b4.jpg,6
68,0b02ce58e075aac1.jpg,6
69,0ab80403286ef8cd.jpg,6
70,0b54285de22a8d98.jpg,7
71,0a0c54875010ccb1.jpg,7
72,0bb541d831c8c795.jpg,7
73,0bbef3ee5fb3fb79.jpg,7
74,0a307a7fcaa40ebd.jpg,7
75,0bb8df5347de3037.jpg,7
76,00d707ca12ebff5a.jpg,7
77,00bc9b1755666e9f.jpg,7
78,0b1d64fd0def63a5.jpg,7
79,0c8ee018bf618ca7.jpg,8
80,0d4fe6fb4e596015.jpg,8
81,0bebebf48acb4376.jpg,8
82,0c0f3cde17d19338.jpg,8
83,0c5af399a690398d.jpg,8
84,0be4786e4b22731a.jpg,8
85,0c111491937b45ca.jpg,8
86,0c65a92b784a8e6c.jpg,8
87,0c237900f4a2e85b.jpg,8
88,0cef58212facf8b4.jpg,8
89,0be05cfdb62c6cd6.jpg,8
90,0cfd3d79d163c6ee.jpg,8
