3811,00ce768a8138c780.jpg,Road,98.256294250488
3812,00ce768a8138c780.jpg,Highway,96.555976867676
3813,00ce768a8138c780.jpg,Freeway,96.555976867676
3814,00ce768a8138c780.jpg,Bus,89.638458251953
3815,00ce768a8138c780.jpg,Vehicle,89.638458251953
3816,00ce768a8138c780.jpg,Transportation,89.638458251953
3817,00ce768a8138c780.jpg,Asphalt,78.774452209473
3818,00ce768a8138c780.jpg,Tarmac,78.774452209473
3819,00cec5b9044323ca.jpg,Ocean,99.991325378418
3820,00cec5b9044323ca.jpg,Water,99.991325378418
3821,00cec5b9044323ca.jpg,Sea,99.991325378418
3822,00cec5b9044323ca.jpg,Outdoors,99.991325378418
3823,00cec5b9044323ca.jpg,Nature,99.991325378418
3824,00cec5b9044323ca.jpg,Person,99.448387145996
3825,00cec5b9044323ca.jpg,Human,99.448387145996
3826,00cec5b9044323ca.jpg,Sea Waves,98.422943115234
3827,00cec5b9044323ca.jpg,Sport,71.803443908691
3828,00cec5b9044323ca.jpg,Sports,71.803443908691
3829,00cf98476d5c76a4.jpg,Nature,99.098182678223
3830,00cf98476d5c76a4.jpg,Outdoors,99.098182678223
3831,00cf98476d5c76a4.jpg,Wilderness,99.098182678223
3832,00cf98476d5c76a4.jpg,Clothing,99.022895812988
3833,00cf98476d5c76a4.jpg,Vegetation,98.413284301758
3834,00cf98476d5c76a4.jpg,Bush,98.413284301758
3835,00cf98476d5c76a4.jpg,Pants,97.587829589844
3836,00cf98476d5c76a4.jpg,Person,96.634002685547
3837,00cf98476d5c76a4.jpg,Ground,96.06657409668
3838,00cf98476d5c76a4.jpg,Rock,87.366737365723
3839,00b2493f0d5b8501.jpg,Nature,99.400054931641
3840,00b2493f0d5b8501.jpg,Outdoors,99.15763092041
3841,00b2493f0d5b8501.jpg,Vegetation,98.107879638672
3842,00b2493f0d5b8501.jpg,Weather,96.258522033691
3843,00b2493f0d5b8501.jpg,Bush,94.747505187988
3844,00b2493f0d5b8501.jpg,Cloud,94.267196655273
3845,00b2493f0d5b8501.jpg,Sky,94.267196655273
3846,00b2493f0d5b8501.jpg,Landscape,93.087760925293
3847,00b2493f0d5b8501.jpg,Cumulus,90.201583862305
3848,00b2493f0d5b8501.jpg,Scenery,89.000434875488
3849,00a44dc6f7b7e8da.jpg,Sculpture,96.816276550293
3850,00a44dc6f7b7e8da.jpg,Art,96.816276550293
3851,00a44dc6f7b7e8da.jpg,Archaeology,96.328063964844
3852,00a44dc6f7b7e8da.jpg,Statue,95.308280944824
3853,00a44dc6f7b7e8da.jpg,Person,93.582359313965
3854,00a44dc6f7b7e8da.jpg,Human,93.582359313965
3855,00a44dc6f7b7e8da.jpg,Architecture,76.627571105957
3856,00a44dc6f7b7e8da.jpg,Building,76.627571105957
3857,00a7e701513637f3.jpg,Wheel,99.312515258789
3858,00a7e701513637f3.jpg,Machine,99.312515258789
3859,00a7e701513637f3.jpg,Transportation,97.609397888184
3860,00a7e701513637f3.jpg,Vehicle,97.609397888184
3861,00a7e701513637f3.jpg,Bike,97.609397888184
3862,00a7e701513637f3.jpg,Bicycle,97.609397888184
3863,00a7e701513637f3.jpg,Outdoors,72.79451751709
3864,00a7e701513637f3.jpg,Nature,71.603332519531
3865,0000d67245642c5f.jpg,Building,98.036094665527
3866,0000d67245642c5f.jpg,Architecture,98.036094665527
3867,0000d67245642c5f.jpg,Slope,93.665908813477
3868,0000d67245642c5f.jpg,Pyramid,72.797348022461
3869,00cca80fa3aa5b1b.jpg,Airport,99.591682434082
3870,00cca80fa3aa5b1b.jpg,Vehicle,99.489112854004
3871,00cca80fa3aa5b1b.jpg,Transportation,99.489112854004
3872,00cca80fa3aa5b1b.jpg,Aircraft,99.489112854004
3873,00cca80fa3aa5b1b.jpg,Airplane,99.489112854004
3874,00cca80fa3aa5b1b.jpg,Airfield,95.906829833984
3875,00cca80fa3aa5b1b.jpg,Outdoors,82.85750579834
3876,00cca80fa3aa5b1b.jpg,Nature,81.670227050781
3877,00cb389da529ba46.jpg,Person,99.736099243164
3878,00cb389da529ba46.jpg,Tire,99.130187988281
3879,00cb389da529ba46.jpg,Car,98.754119873047
3880,00cb389da529ba46.jpg,Wheel,96.072982788086
3881,00cb389da529ba46.jpg,Alloy Wheel,96.072982788086
3882,00cb389da529ba46.jpg,Spoke,96.072982788086
3883,00cb389da529ba46.jpg,Machine,96.072982788086
3884,00cb389da529ba46.jpg,Car Wheel,92.58309173584
3885,00cb389da529ba46.jpg,Sports Car,89.901100158691
3886,00cb389da529ba46.jpg,Coupe,89.714973449707
3887,00ae9e06200fd476.jpg,Grass,99.99031829834
3888,00ae9e06200fd476.jpg,Plant,99.99031829834
3889,00ae9e06200fd476.jpg,Lawn,96.779579162598
3890,00ae9e06200fd476.jpg,Housing,94.166938781738
3891,00ae9e06200fd476.jpg,Building,94.166938781738
3892,00ae9e06200fd476.jpg,House,87.092216491699
3893,00ae9e06200fd476.jpg,Mansion,87.092216491699
3894,00ae9e06200fd476.jpg,Villa,80.547782897949
3895,00ae9e06200fd476.jpg,Tree,76.74861907959
3896,00ae9e06200fd476.jpg,Vegetation,72.26732635498
3897,00af791d51628542.jpg,Bicycle,99.958511352539
3898,00af791d51628542.jpg,Vehicle,99.958511352539
3899,00af791d51628542.jpg,Transportation,99.958511352539
3900,00af791d51628542.jpg,Wheel,99.88907623291
3901,00af791d51628542.jpg,Machine,99.88907623291
3902,00af791d51628542.jpg,Person,99.837265014648
3903,00af791d51628542.jpg,Helmet,99.483200073242
3904,00af791d51628542.jpg,Clothing,99.483200073242
3905,00af791d51628542.jpg,Cyclist,88.673530578613
3906,00af791d51628542.jpg,Sport,88.673530578613
3907,00a0c5ea5b4f3989.jpg,Automobile,98.054573059082
3908,00a0c5ea5b4f3989.jpg,Vehicle,98.054573059082
3909,00a0c5ea5b4f3989.jpg,Car,98.054573059082
3910,00a0c5ea5b4f3989.jpg,Transportation,98.054573059082
3911,00a0c5ea5b4f3989.jpg,Road,91.956909179688
3912,00a0c5ea5b4f3989.jpg,Power Lines,89.689949035645
3913,00a0c5ea5b4f3989.jpg,Cable,89.689949035645
3914,00a0c5ea5b4f3989.jpg,Intersection,88.475448608398
3915,00a0c5ea5b4f3989.jpg,Electric Transmission Tower,87.486022949219
3916,00a0c5ea5b4f3989.jpg,Urban,75.237281799316
3917,000a017e2b7063a7.jpg,Vehicle,99.545150756836
3918,000a017e2b7063a7.jpg,Aircraft,99.545150756836
3919,000a017e2b7063a7.jpg,Airplane,99.545150756836
3920,000a017e2b7063a7.jpg,Transportation,99.545150756836
3921,000a017e2b7063a7.jpg,Jet,95.244903564453
3922,000a017e2b7063a7.jpg,Airliner,82.993766784668
3923,000a017e2b7063a7.jpg,Flight,80.838928222656
3924,000a017e2b7063a7.jpg,Warplane,77.565055847168
3925,00b4f59578b53599.jpg,Plant,99.944175720215
3926,00b4f59578b53599.jpg,Flower,99.944175720215
3927,00b4f59578b53599.jpg,Rose,99.944175720215
3928,00b4f59578b53599.jpg,Blossom,99.944175720215
3929,000fbd342baaadd3.jpg,Ruins,99.048164367676
3930,0a5b90cee67825ab.jpg,Transportation,99.980941772461
3931,0a5b90cee67825ab.jpg,Boat,99.980941772461
3932,0a5b90cee67825ab.jpg,Vehicle,99.980941772461
3933,0a5b90cee67825ab.jpg,Vessel,99.900756835938
3934,0a5b90cee67825ab.jpg,Watercraft,99.900756835938
3935,0a5b90cee67825ab.jpg,Water,87.628433227539
3936,0a5b90cee67825ab.jpg,Sailboat,83.571990966797
3937,0a5b90cee67825ab.jpg,Waterfront,79.072257995605
3938,00b82a370e0157c5.jpg,Plant,99.621681213379
3939,00b82a370e0157c5.jpg,Food,90.571128845215
3940,00b82a370e0157c5.jpg,Fruit,90.571128845215
3941,00b82a370e0157c5.jpg,Cherry,85.302841186523
3942,00b82a370e0157c5.jpg,Flower,70.046966552734
3943,00b82a370e0157c5.jpg,Blossom,70.046966552734
3944,00e194d3c0fd8930.jpg,Ground,99.863967895508
3945,00e194d3c0fd8930.jpg,Plant,99.560928344727
3946,00e194d3c0fd8930.jpg,Flower,96.633399963379
3947,00e194d3c0fd8930.jpg,Soil,96.216537475586
3948,00e194d3c0fd8930.jpg,Bird,94.408424377441
3949,00e194d3c0fd8930.jpg,Animal,94.408424377441
3950,00e194d3c0fd8930.jpg,Road,92.922698974609
3951,00e194d3c0fd8930.jpg,Gravel,79.003723144531
3952,00e194d3c0fd8930.jpg,Invertebrate,76.758186340332
3953,00e194d3c0fd8930.jpg,Honey Bee,76.758186340332
3954,0a6b1ead3def6ed8.jpg,Sunlight,99.855026245117
3955,0a6b1ead3def6ed8.jpg,Light,99.797019958496
3956,0a6b1ead3def6ed8.jpg,Flare,99.797019958496
3957,0a6b1ead3def6ed8.jpg,Nature,98.793869018555
3958,0a6b1ead3def6ed8.jpg,Outdoors,98.621047973633
3959,0a6b1ead3def6ed8.jpg,Sky,93.167449951172
3960,0a6b1ead3def6ed8.jpg,Sunset,85.289497375488
3961,0a6b1ead3def6ed8.jpg,Dusk,85.289497375488
3962,0a6b1ead3def6ed8.jpg,Red Sky,85.289497375488
3963,0a6b1ead3def6ed8.jpg,Sunrise,84.414558410645
3964,0a4bcc3cc7630547.jpg,Plant,99.761039733887
3965,0a4bcc3cc7630547.jpg,Tree,99.761039733887
3966,0a4bcc3cc7630547.jpg,Nature,95.39965057373
3967,0a4bcc3cc7630547.jpg,Outdoors,94.97688293457
3968,0a4bcc3cc7630547.jpg,Grass,85.591751098633
3969,0a4bcc3cc7630547.jpg,Yard,84.749687194824
3970,0a4bcc3cc7630547.jpg,Field,76.496086120605
3971,0a4bcc3cc7630547.jpg,Grassland,70.282890319824
3972,000f18da4c446aab.jpg,Vegetation,99.999931335449
3973,000f18da4c446aab.jpg,Plant,99.999931335449
3974,000f18da4c446aab.jpg,Outdoors,99.974113464355
3975,000f18da4c446aab.jpg,Tree,99.974113464355
3976,000f18da4c446aab.jpg,Woodland,99.974113464355
3977,000f18da4c446aab.jpg,Land,99.974113464355
3978,000f18da4c446aab.jpg,Nature,99.974113464355
3979,000f18da4c446aab.jpg,Rainforest,99.906135559082
3980,000f18da4c446aab.jpg,Jungle,99.526412963867
3981,000f18da4c446aab.jpg,Grove,99.110084533691
3982,00b2ee921120d1a0.jpg,Wildlife,96.789405822754
3983,00b2ee921120d1a0.jpg,Deer,96.789405822754
3984,00b2ee921120d1a0.jpg,Elk,96.789405822754
3985,00b2ee921120d1a0.jpg,Animal,96.789405822754
3986,00b2ee921120d1a0.jpg,Mammal,96.789405822754
3987,00b2ee921120d1a0.jpg,Cow,90.981491088867
3988,00b2ee921120d1a0.jpg,Cattle,90.981491088867
3989,00b2ee921120d1a0.jpg,Moose,90.60782623291
3990,00b2ee921120d1a0.jpg,Horse,76.191558837891
3991,00dbd5dff10261ab.jpg,Mammal,98.403602600098
3992,00dbd5dff10261ab.jpg,Pet,98.403602600098
3993,00dbd5dff10261ab.jpg,Dog,98.403602600098
3994,00dbd5dff10261ab.jpg,Animal,98.403602600098
3995,00dbd5dff10261ab.jpg,Canine,98.403602600098
3996,00dbd5dff10261ab.jpg,Puppy,86.451751708984
3997,00dbd5dff10261ab.jpg,Cocker Spaniel,86.447883605957
3998,00dbd5dff10261ab.jpg,Spaniel,86.447883605957
3999,00b1907ffd004851.jpg,Poultry,99.969848632812
4000,00b1907ffd004851.jpg,Chicken,99.969848632812
4001,00b1907ffd004851.jpg,Animal,99.969848632812
4002,00b1907ffd004851.jpg,Bird,99.969848632812
4003,00b1907ffd004851.jpg,Fowl,99.969848632812
4004,00b1907ffd004851.jpg,Pheasant,92.827423095703
4005,0a9e166c53077966.jpg,Plant,99.714958190918
4006,0a9e166c53077966.jpg,Grass,99.672584533691
4007,0a9e166c53077966.jpg,Tree,97.58797454834
4008,0a9e166c53077966.jpg,Lawn,78.943908691406
4009,0a9e166c53077966.jpg,Agropyron,77.729362487793
4010,00ba61f8cfacadd4.jpg,Geranium,99.997863769531
4011,00ba61f8cfacadd4.jpg,Flower,99.997863769531
4012,00ba61f8cfacadd4.jpg,Plant,99.997863769531
4013,00ba61f8cfacadd4.jpg,Blossom,99.997863769531
4014,0a23df4b6f448339.jpg,Building,99.757949829102
4015,0a23df4b6f448339.jpg,City,99.757949829102
4016,0a23df4b6f448339.jpg,High Rise,99.757949829102
4017,0a23df4b6f448339.jpg,Urban,99.757949829102
4018,0a23df4b6f448339.jpg,Metropolis,99.469383239746
4019,0a23df4b6f448339.jpg,Architecture,95.430709838867
4020,0a23df4b6f448339.jpg,Office Building,93.572998046875
4021,0a23df4b6f448339.jpg,Spire,88.227188110352
4022,0a23df4b6f448339.jpg,Outdoors,85.900871276855
4023,0a23df4b6f448339.jpg,Apartment Building,84.956047058105
4024,0a0af2d7a6a47564.jpg,Bird,99.807632446289
4025,0a0af2d7a6a47564.jpg,Animal,99.807632446289
4026,0a0af2d7a6a47564.jpg,Pelican,89.495483398438
4027,0a0af2d7a6a47564.jpg,Stork,80.766265869141
4028,0a0af2d7a6a47564.jpg,Beak,79.101303100586
4029,0a0af2d7a6a47564.jpg,Penguin,72.891159057617
4030,0a0af2d7a6a47564.jpg,Outdoors,70.053375244141
4031,0a0e21e69217f83f.jpg,Person,99.575309753418
4032,0a0e21e69217f83f.jpg,Human,99.575309753418
4033,0a0e21e69217f83f.jpg,Field,99.560829162598
4034,0a0e21e69217f83f.jpg,People,96.801696777344
4035,0a0e21e69217f83f.jpg,Building,86.690414428711
4036,0a0e21e69217f83f.jpg,Sport,84.787483215332
4037,0a0e21e69217f83f.jpg,Team,83.915061950684
4038,0a0e21e69217f83f.jpg,Team Sport,83.349479675293
4039,0a0e21e69217f83f.jpg,Crowd,74.876289367676
4040,0a0e21e69217f83f.jpg,Outdoors,73.52751159668
4041,00b01c5b231e0853.jpg,Water,99.445976257324
4042,00b01c5b231e0853.jpg,Outdoors,99.357490539551
4043,00b01c5b231e0853.jpg,Canal,92.43537902832
4044,00b01c5b231e0853.jpg,Nature,88.871742248535
4045,00ab9f96dbd14fab.jpg,Chair,99.975425720215
4046,00ab9f96dbd14fab.jpg,Furniture,99.975425720215
4047,00ab9f96dbd14fab.jpg,Flooring,97.473350524902
4048,00ab9f96dbd14fab.jpg,Rocking Chair,95.603240966797
4049,00ab9f96dbd14fab.jpg,Floor,86.350479125977
4050,00ab9f96dbd14fab.jpg,Porch,80.614685058594
4051,000d6aba3b0af069.jpg,Art,95.774528503418
4052,000d6aba3b0af069.jpg,Stained Glass,89.17212677002
4053,000d6aba3b0af069.jpg,Architecture,82.521186828613
4054,000d6aba3b0af069.jpg,Building,82.521186828613
4055,00c9df88b4cafdd7.jpg,Building,99.249412536621
4056,00c9df88b4cafdd7.jpg,Architecture,99.249412536621
4057,00c9df88b4cafdd7.jpg,Church,95.445533752441
4058,00c9df88b4cafdd7.jpg,Altar,95.376907348633
4059,00c9df88b4cafdd7.jpg,Apse,94.803276062012
4060,00c4de6e6d3fd111.jpg,Lamp,98.031097412109
4061,00c4de6e6d3fd111.jpg,Chandelier,96.962677001953
4062,00c4de6e6d3fd111.jpg,Lighting,91.353469848633
4063,00ae3a33d8af4b33.jpg,Book,100
4064,00ae3a33d8af4b33.jpg,Candle,99.309211730957
4065,00ae3a33d8af4b33.jpg,Plant,95.904640197754
4066,00ae3a33d8af4b33.jpg,Text,95.14478302002
4067,00ae3a33d8af4b33.jpg,Blossom,93.805816650391
4068,00ae3a33d8af4b33.jpg,Flower,93.805816650391
4069,00a99c2260adb717.jpg,Person,98.047782897949
4070,00a99c2260adb717.jpg,Human,98.047782897949
4071,00a99c2260adb717.jpg,Tent,96.826812744141
4072,00a99c2260adb717.jpg,Car,93.10066986084
4073,00a99c2260adb717.jpg,Automobile,93.10066986084
4074,00a99c2260adb717.jpg,Vehicle,93.10066986084
4075,00a99c2260adb717.jpg,Transportation,93.10066986084
4076,00a99c2260adb717.jpg,Camping,88.900024414062
4077,00a99c2260adb717.jpg,Building,71.502052307129
4078,00aaab0957a2f14d.jpg,Interior Design,87.317825317383
4079,00aaab0957a2f14d.jpg,Indoors,87.317825317383
4080,00aaab0957a2f14d.jpg,Shop,86.955726623535
4081,00aaab0957a2f14d.jpg,Handrail,85.597602844238
4082,00aaab0957a2f14d.jpg,Banister,85.597602844238
4083,00aaab0957a2f14d.jpg,Stage,77.465286254883
4084,00aaab0957a2f14d.jpg,Window Display,74.070404052734
4085,00aaab0957a2f14d.jpg,Building,70.639167785645
4086,00b452f07273b555.jpg,Architecture,99.874465942383
4087,00b452f07273b555.jpg,Building,99.874465942383
4088,00b452f07273b555.jpg,Apse,89.834205627441
4089,00b452f07273b555.jpg,Window,83.139167785645
4090,00c689b1bb4ae4a0.jpg,Pet,96.001678466797
4091,00c689b1bb4ae4a0.jpg,Canine,96.001678466797
4092,00c689b1bb4ae4a0.jpg,Collie,96.001678466797
4093,00c689b1bb4ae4a0.jpg,Mammal,96.001678466797
4094,00c689b1bb4ae4a0.jpg,Animal,96.001678466797
4095,00c689b1bb4ae4a0.jpg,Dog,96.001678466797
4096,00c2db0fd32a0f2b.jpg,Human,99.472595214844
4097,00c2db0fd32a0f2b.jpg,Camping,99.472595214844
4098,00c2db0fd32a0f2b.jpg,Person,99.472595214844
4099,00c2db0fd32a0f2b.jpg,Tent,98.411956787109
4100,00c2db0fd32a0f2b.jpg,Car,91.962425231934
4101,00c2db0fd32a0f2b.jpg,Vehicle,91.962425231934
4102,00c2db0fd32a0f2b.jpg,Transportation,91.962425231934
4103,00c2db0fd32a0f2b.jpg,Bicycle,85.402320861816
4104,00c2db0fd32a0f2b.jpg,Leisure Activities,74.844299316406
4105,00c2db0fd32a0f2b.jpg,Mountain Tent,73.73314666748
4106,00b6654f37f1f655.jpg,Person,99.885101318359
4107,00b6654f37f1f655.jpg,Human,99.885101318359
4108,00b6654f37f1f655.jpg,Clothing,88.337921142578
4109,00b6654f37f1f655.jpg,Apparel,88.337921142578
4110,00b6654f37f1f655.jpg,Bus,78.544746398926
4111,00b6654f37f1f655.jpg,Transportation,78.544746398926
4112,00b6654f37f1f655.jpg,Vehicle,78.544746398926
4113,00b6654f37f1f655.jpg,Plant,74.724822998047
4114,000b39037205b35d.jpg,Plant,99.694442749023
4115,000b39037205b35d.jpg,Food,97.839920043945
4116,000b39037205b35d.jpg,Fruit,97.839920043945
4117,000b39037205b35d.jpg,Apple,78.042579650879
4118,00bbf04e4c98bc11.jpg,Furniture,99.741851806641
4119,00bbf04e4c98bc11.jpg,Table,98.475952148438
4120,00bbf04e4c98bc11.jpg,Electronics,96.712341308594
4121,00bbf04e4c98bc11.jpg,Screen,96.712341308594
4122,00bbf04e4c98bc11.jpg,Monitor,96.712341308594
4123,00bbf04e4c98bc11.jpg,Desk,96.617462158203
4124,00bbf04e4c98bc11.jpg,Indoors,92.862854003906
4125,00bbf04e4c98bc11.jpg,LCD Screen,90.997741699219
4126,00bbf04e4c98bc11.jpg,Computer,90.299354553223
4127,00bbf04e4c98bc11.jpg,Interior Design,88.923530578613
4128,00c37dc70d8f99ff.jpg,Nature,97.975593566895
4129,00c37dc70d8f99ff.jpg,Tree,97.903945922852
4130,00c37dc70d8f99ff.jpg,Plant,97.903945922852
4131,00c37dc70d8f99ff.jpg,Car,95.564056396484
4132,00c37dc70d8f99ff.jpg,Transportation,95.564056396484
4133,00c37dc70d8f99ff.jpg,Vehicle,95.564056396484
4134,00c37dc70d8f99ff.jpg,Automobile,95.564056396484
4135,00c37dc70d8f99ff.jpg,Flood,94.634574890137
4136,00c37dc70d8f99ff.jpg,Bicycle,85.425659179688
4137,00c37dc70d8f99ff.jpg,Bike,85.425659179688
4138,00c646245b319944.jpg,Transportation,93.703834533691
4139,00c646245b319944.jpg,Vehicle,93.703834533691
4140,00c646245b319944.jpg,Truck,91.595367431641
4141,00c646245b319944.jpg,Tractor,90.948738098145
4142,00c646245b319944.jpg,Machine,89.404640197754
4143,00c646245b319944.jpg,Wheel,89.404640197754
4144,00c646245b319944.jpg,Bulldozer,83.566230773926
4145,00caaabba2ab255e.jpg,Nature,99.155426025391
4146,00caaabba2ab255e.jpg,Flood,98.096038818359
4147,00caaabba2ab255e.jpg,Water,98.04500579834
4148,00caaabba2ab255e.jpg,Outdoors,96.741706848145
4149,00caaabba2ab255e.jpg,Land,86.212944030762
4150,00caaabba2ab255e.jpg,Plant,80.997749328613
4151,00caaabba2ab255e.jpg,Tree,80.997749328613
4152,00c2f730d2f44390.jpg,Transportation,97.763526916504
4153,00c2f730d2f44390.jpg,Vehicle,97.763526916504
4154,00c2f730d2f44390.jpg,Vessel,97.763526916504
4155,00c2f730d2f44390.jpg,Watercraft,97.763526916504
4156,00c2f730d2f44390.jpg,Nature,95.441452026367
4157,00c2f730d2f44390.jpg,Outdoors,94.431549072266
4158,00c2f730d2f44390.jpg,Boat,91.170913696289
4159,00c2f730d2f44390.jpg,Building,88.602180480957
4160,00c2f730d2f44390.jpg,Water,85.335258483887
4161,00c2f730d2f44390.jpg,Countryside,76.724594116211
4162,00b0508b8267915e.jpg,Construction,99.739097595215
4163,00b0508b8267915e.jpg,Scaffolding,92.800476074219
4164,00b0508b8267915e.jpg,Construction Crane,71.366020202637
4165,0a1b133358b1ce7e.jpg,Building,99.584197998047
4166,0a1b133358b1ce7e.jpg,Urban,99.584197998047
4167,0a1b133358b1ce7e.jpg,City,99.584197998047
4168,0a1b133358b1ce7e.jpg,Metropolis,99.433067321777
4169,0a1b133358b1ce7e.jpg,High Rise,99.181640625
4170,0a1b133358b1ce7e.jpg,Water,96.564933776855
4171,0a1b133358b1ce7e.jpg,Spire,92.870407104492
4172,0a1b133358b1ce7e.jpg,Boat,92.702209472656
4173,0a1b133358b1ce7e.jpg,Downtown,91.74390411377
4174,0a1b133358b1ce7e.jpg,Outdoors,91.546432495117
4175,0a99b9a7f26038b3.jpg,Handrail,98.421928405762
4176,0a99b9a7f26038b3.jpg,Banister,98.421928405762
4177,0a99b9a7f26038b3.jpg,Flooring,98.191177368164
4178,0a99b9a7f26038b3.jpg,Floor,92.888038635254
4179,0a99b9a7f26038b3.jpg,Staircase,88.559852600098
4180,0a7aa2105f4fd102.jpg,Building,97.584907531738
4181,0a7aa2105f4fd102.jpg,Architecture,94.921905517578
4182,0a7aa2105f4fd102.jpg,Office Building,87.225929260254
4183,0a7aa2105f4fd102.jpg,Housing,83.055686950684
4184,0a7aa2105f4fd102.jpg,Urban,76.519508361816
4185,0a7aa2105f4fd102.jpg,Roof,70.091247558594
4186,0a1a83baada2c980.jpg,Car,99.802314758301
4187,0a1a83baada2c980.jpg,Transportation,99.802314758301
4188,0a1a83baada2c980.jpg,Interior Design,97.938034057617
4189,0a1a83baada2c980.jpg,Wheel,96.57942199707
4190,0a1a83baada2c980.jpg,Road,95.318969726562
4191,0a1a83baada2c980.jpg,Building,92.404411315918
4192,0a1a83baada2c980.jpg,Urban,88.727317810059
4193,0a1a83baada2c980.jpg,Tarmac,82.823280334473
4194,0a1a83baada2c980.jpg,Meal,79.490646362305
4195,0a1a83baada2c980.jpg,Tire,76.99080657959
4196,0ab7dec6b7126f97.jpg,Building,99.007247924805
4197,0ab7dec6b7126f97.jpg,Architecture,99.007247924805
4198,0ab7dec6b7126f97.jpg,Tower,98.234275817871
4199,0ab7dec6b7126f97.jpg,Dome,98.08504486084
4200,0ab7dec6b7126f97.jpg,Spire,78.698287963867
4201,0ab7dec6b7126f97.jpg,Steeple,78.698287963867
4202,0aa3e823c92a41fe.jpg,Walkway,99.838874816895
4203,0aa3e823c92a41fe.jpg,Path,99.838874816895
4204,0aa3e823c92a41fe.jpg,Sidewalk,96.026016235352
4205,0aa3e823c92a41fe.jpg,Flagstone,93.387603759766
4206,0aa3e823c92a41fe.jpg,Home Decor,80.54744720459
4207,0aa3e823c92a41fe.jpg,Architecture,79.089805603027
4208,0aa3e823c92a41fe.jpg,Building,79.089805603027
4209,0aa3e823c92a41fe.jpg,Tower,79.089805603027
4210,0aa3e823c92a41fe.jpg,Spire,79.089805603027
4211,0aa3e823c92a41fe.jpg,Window,70.86979675293
4212,00caf762535ab020.jpg,Person,99.730453491211
4213,00caf762535ab020.jpg,Building,99.206504821777
4214,00caf762535ab020.jpg,Architecture,99.206504821777
4215,00caf762535ab020.jpg,Monastery,99.206504821777
4216,00caf762535ab020.jpg,Housing,99.206504821777
4217,00caf762535ab020.jpg,Fashion,97.315414428711
4218,00caf762535ab020.jpg,Premiere,97.255577087402
4219,00caf762535ab020.jpg,Red Carpet,97.255577087402
4220,00caf762535ab020.jpg,Helmet,96.995727539062
4221,00caf762535ab020.jpg,Temple,76.872528076172
4222,00cc8d22e4dda41d.jpg,Person,99.688804626465
4223,00cc8d22e4dda41d.jpg,Traffic Light,98.610137939453
4224,00cc8d22e4dda41d.jpg,Road,98.417854309082
4225,00cc8d22e4dda41d.jpg,Car,96.365386962891
4226,00cc8d22e4dda41d.jpg,Fire Hydrant,94.408889770508
4227,00cc8d22e4dda41d.jpg,Intersection,93.723197937012
4228,00cc8d22e4dda41d.jpg,Urban,91.138710021973
4229,00cc8d22e4dda41d.jpg,City,84.850860595703
4230,00cc8d22e4dda41d.jpg,Meal,82.808052062988
4231,00cc8d22e4dda41d.jpg,Path,82.584716796875
4232,0a50de9d83760958.jpg,Archaeology,98.284133911133
4233,0a50de9d83760958.jpg,Architecture,97.346458435059
4234,0a50de9d83760958.jpg,Building,97.346458435059
4235,0a50de9d83760958.jpg,Person,95.543479919434
4236,0a50de9d83760958.jpg,Human,95.543479919434
4237,0a50de9d83760958.jpg,Art,81.057067871094
4238,0a50de9d83760958.jpg,Sculpture,81.057067871094
4239,0a50de9d83760958.jpg,Monastery,71.880142211914
4240,0a50de9d83760958.jpg,Housing,71.880142211914
4241,00d8d8a2fe276b66.jpg,Nature,96.043380737305
4242,00d8d8a2fe276b66.jpg,Roof,95.661415100098
4243,00d8d8a2fe276b66.jpg,Outdoors,94.543434143066
4244,00d8d8a2fe276b66.jpg,Building,85.793746948242
4245,00d8d8a2fe276b66.jpg,Countryside,80.767929077148
4246,00d8d8a2fe276b66.jpg,Architecture,79.15909576416
4247,00d8d8a2fe276b66.jpg,Shelter,77.145820617676
4248,00d8d8a2fe276b66.jpg,Rural,77.145820617676
4249,00d8d8a2fe276b66.jpg,Housing,75.83032989502
4250,00d8d8a2fe276b66.jpg,Wall,70.501190185547
4251,0aa1cc57022a5f64.jpg,Vehicle,99.459884643555
4252,0aa1cc57022a5f64.jpg,Car,99.459884643555
4253,0aa1cc57022a5f64.jpg,Transportation,99.459884643555
4254,0aa1cc57022a5f64.jpg,Spoke,98.035758972168
4255,0aa1cc57022a5f64.jpg,Machine,98.035758972168
4256,0aa1cc57022a5f64.jpg,Tire,97.874160766602
4257,0aa1cc57022a5f64.jpg,Wheel,96.840194702148
4258,0aa1cc57022a5f64.jpg,Alloy Wheel,95.785003662109
4259,0aa1cc57022a5f64.jpg,Car Wheel,93.685447692871
4260,0aa1cc57022a5f64.jpg,Hot Rod,92.004379272461
4261,0a4491cb52b6bbae.jpg,Home Decor,99.906898498535
4262,0a4491cb52b6bbae.jpg,Vehicle,99.779502868652
4263,0a4491cb52b6bbae.jpg,Car,99.779502868652
4264,0a4491cb52b6bbae.jpg,Tire,99.529586791992
4265,0a4491cb52b6bbae.jpg,Wheel,98.950508117676
4266,0a4491cb52b6bbae.jpg,Machine,98.950508117676
4267,0a4491cb52b6bbae.jpg,Spoke,98.030578613281
4268,0a4491cb52b6bbae.jpg,Alloy Wheel,97.515937805176
4269,0a4491cb52b6bbae.jpg,Car Wheel,97.173614501953
4270,0a4491cb52b6bbae.jpg,Window,89.093040466309
4271,00d3ef1c8cbca06f.jpg,Building,95.286880493164
4272,00d3ef1c8cbca06f.jpg,Urban,94.422546386719
4273,00d3ef1c8cbca06f.jpg,City,92.486251831055
4274,00d3ef1c8cbca06f.jpg,High Rise,88.621620178223
4275,00d3ef1c8cbca06f.jpg,Architecture,87.687492370605
4276,00d3ef1c8cbca06f.jpg,Downtown,85.386016845703
4277,00d3ef1c8cbca06f.jpg,Brick,82.534530639648
4278,00d3ef1c8cbca06f.jpg,Condo,81.777336120605
4279,00d3ef1c8cbca06f.jpg,Housing,81.777336120605
4280,00d3ef1c8cbca06f.jpg,Apartment Building,75.751335144043
4281,0add150db0dcd4e2.jpg,Building,96.968681335449
4282,0add150db0dcd4e2.jpg,Architecture,96.968681335449
4283,0add150db0dcd4e2.jpg,Tower,95.244216918945
4284,0add150db0dcd4e2.jpg,Spire,95.244216918945
4285,0add150db0dcd4e2.jpg,Plant,93.25122833252
4286,0add150db0dcd4e2.jpg,Grass,93.25122833252
4287,0add150db0dcd4e2.jpg,Church,86.205207824707
4288,0add150db0dcd4e2.jpg,Bench,80.37580871582
4289,0add150db0dcd4e2.jpg,Furniture,80.37580871582
4290,0add150db0dcd4e2.jpg,Fence,70.044853210449
4291,0ae4592599b6392d.jpg,Building,99.998153686523
4292,0ae4592599b6392d.jpg,Office Building,99.998153686523
4293,0ae4592599b6392d.jpg,Urban,97.953269958496
4294,0ae4592599b6392d.jpg,City,97.953269958496
4295,0ae4592599b6392d.jpg,High Rise,97.953269958496
4296,0ae4592599b6392d.jpg,Town,97.953269958496
4297,0ae4592599b6392d.jpg,Bird,88.687942504883
4298,0ae4592599b6392d.jpg,Animal,88.687942504883
4299,0ae4592599b6392d.jpg,Architecture,87.391822814941
4300,0ae4592599b6392d.jpg,Apartment Building,81.330238342285
4301,0b2b3c70fc932a29.jpg,Transportation,99.755500793457
4302,0b2b3c70fc932a29.jpg,Watercraft,99.755500793457
4303,0b2b3c70fc932a29.jpg,Vehicle,99.755500793457
4304,0b2b3c70fc932a29.jpg,Person,95.41877746582
4305,0b2b3c70fc932a29.jpg,Water,95.034019470215
4306,0b2b3c70fc932a29.jpg,Outdoors,84.204765319824
4307,0b2b3c70fc932a29.jpg,Boat,80.356857299805
4308,0b2b3c70fc932a29.jpg,Rowboat,75.619125366211
4309,0b2b3c70fc932a29.jpg,Canal,74.266479492188
4310,0b2b3c70fc932a29.jpg,Waterfront,70.879432678223
4311,0ab113d8852dddd7.jpg,Flagstone,99.997146606445
4312,0ab113d8852dddd7.jpg,Path,99.951232910156
4313,0ab113d8852dddd7.jpg,Walkway,99.951232910156
4314,0ab113d8852dddd7.jpg,Roof,95.027061462402
4315,0ab113d8852dddd7.jpg,Pavement,92.919647216797
4316,0ab113d8852dddd7.jpg,Sidewalk,92.919647216797
4317,0ab113d8852dddd7.jpg,Slate,85.230270385742
4318,0ab113d8852dddd7.jpg,Human,70.271614074707
4319,0ab113d8852dddd7.jpg,Person,70.271614074707
4320,0af0823283461fd5.jpg,Fireplace,92.201789855957
4321,0af0823283461fd5.jpg,Indoors,92.201789855957
4322,0af0823283461fd5.jpg,Building,88.519264221191
4323,0af0823283461fd5.jpg,Architecture,88.519264221191
4324,0af0823283461fd5.jpg,Clock Tower,79.186538696289
4325,0af0823283461fd5.jpg,Tower,79.186538696289
4326,0af0823283461fd5.jpg,Logo,77.557624816895
4327,0af0823283461fd5.jpg,Symbol,77.557624816895
4328,0af0823283461fd5.jpg,Trademark,77.557624816895
4329,0af0823283461fd5.jpg,Archaeology,75.394813537598
4330,0af80fe4eac726b4.jpg,Dome,99.991714477539
4331,0af80fe4eac726b4.jpg,Architecture,99.991714477539
4332,0af80fe4eac726b4.jpg,Building,99.991714477539
4333,0af80fe4eac726b4.jpg,Tower,85.458297729492
4334,0af80fe4eac726b4.jpg,Mosque,84.24634552002
4335,0b02ce58e075aac1.jpg,Vehicle,98.683364868164
4336,0b02ce58e075aac1.jpg,Transportation,98.683364868164
4337,0b02ce58e075aac1.jpg,Train Station,98.683364868164
4338,0b02ce58e075aac1.jpg,Train,98.683364868164
4339,0b02ce58e075aac1.jpg,Terminal,98.683364868164
4340,0b02ce58e075aac1.jpg,Rail,98.343353271484
4341,0b02ce58e075aac1.jpg,Train Track,98.343353271484
4342,0b02ce58e075aac1.jpg,Railway,98.343353271484
4343,0ab80403286ef8cd.jpg,Urban,95.598075866699
4344,0ab80403286ef8cd.jpg,Building,95.368690490723
4345,0ab80403286ef8cd.jpg,Suburb,89.585762023926
4346,0ab80403286ef8cd.jpg,Plant,89.410446166992
4347,0ab80403286ef8cd.jpg,Bush,89.410446166992
4348,0ab80403286ef8cd.jpg,Vegetation,89.410446166992
4349,0ab80403286ef8cd.jpg,Town,78.238716125488
4350,0ab80403286ef8cd.jpg,City,78.238716125488
4351,0ab80403286ef8cd.jpg,Tarmac,78.098854064941
4352,0ab80403286ef8cd.jpg,Housing,75.76097869873
4353,0b54285de22a8d98.jpg,Food,97.285163879395
4354,0b54285de22a8d98.jpg,Seasoning,97.285163879395
4355,0b54285de22a8d98.jpg,Plant,94.719047546387
4356,0b54285de22a8d98.jpg,Produce,78.781066894531
4357,0a0c54875010ccb1.jpg,Food,92.19554901123
4358,0a0c54875010ccb1.jpg,Dining Table,91.205421447754
4359,0a0c54875010ccb1.jpg,Furniture,91.205421447754
4360,0a0c54875010ccb1.jpg,Table,91.205421447754
4361,0a0c54875010ccb1.jpg,Sandwich,87.840919494629
4362,0a0c54875010ccb1.jpg,Meal,86.696243286133
4363,0a0c54875010ccb1.jpg,Dish,86.696243286133
4364,0a0c54875010ccb1.jpg,Seasoning,80.909088134766
4365,0a0c54875010ccb1.jpg,Plant,79.727874755859
4366,0bb541d831c8c795.jpg,Food,99.271003723145
4367,0bb541d831c8c795.jpg,Fruit,99.271003723145
4368,0bb541d831c8c795.jpg,Plant,99.271003723145
4369,0bb541d831c8c795.jpg,Orange,99.271003723145
4370,0bb541d831c8c795.jpg,Citrus Fruit,99.271003723145
4371,0bb541d831c8c795.jpg,Bread,96.515693664551
4372,0bb541d831c8c795.jpg,French Toast,92.410888671875
4373,0bb541d831c8c795.jpg,Toast,92.410888671875
4374,0bb541d831c8c795.jpg,Breakfast,81.481391906738
4375,0bb541d831c8c795.jpg,Burger,78.93399810791
4376,0bbef3ee5fb3fb79.jpg,Plant,97.44367980957
4377,0bbef3ee5fb3fb79.jpg,Food,92.294464111328
4378,0bbef3ee5fb3fb79.jpg,Seasoning,92.294464111328
4379,0bbef3ee5fb3fb79.jpg,Produce,90.105567932129
4380,0bbef3ee5fb3fb79.jpg,Vegetable,83.225639343262
4381,0a307a7fcaa40ebd.jpg,Meal,99.093887329102
4382,0a307a7fcaa40ebd.jpg,Dish,99.093887329102
4383,0a307a7fcaa40ebd.jpg,Food,99.093887329102
4384,0a307a7fcaa40ebd.jpg,Stew,95.04776763916
4385,0a307a7fcaa40ebd.jpg,Plant,95.044555664062
4386,0a307a7fcaa40ebd.jpg,Bowl,91.926635742188
4387,0a307a7fcaa40ebd.jpg,Pizza,83.595153808594
4388,0a307a7fcaa40ebd.jpg,Produce,79.25358581543
4389,0a307a7fcaa40ebd.jpg,Vegetable,76.413757324219
4390,0a307a7fcaa40ebd.jpg,Bean,76.306282043457
4391,0bb8df5347de3037.jpg,Food,93.157356262207
4392,0bb8df5347de3037.jpg,Steak,83.170783996582
4393,0bb8df5347de3037.jpg,Ribs,76.430541992188
4394,00d707ca12ebff5a.jpg,Food,98.208152770996
4395,00d707ca12ebff5a.jpg,Dish,98.208152770996
4396,00d707ca12ebff5a.jpg,Meal,98.208152770996
4397,00d707ca12ebff5a.jpg,Bowl,96.283683776855
4398,00d707ca12ebff5a.jpg,Burger,83.861785888672
4399,00d707ca12ebff5a.jpg,Cutlery,83.813720703125
4400,00d707ca12ebff5a.jpg,Spoon,83.813720703125
4401,00d707ca12ebff5a.jpg,Lunch,76.695007324219
4402,00d707ca12ebff5a.jpg,Egg,73.467964172363
4403,00d707ca12ebff5a.jpg,Plant,70.195320129395
4404,00bc9b1755666e9f.jpg,Dish,99.50178527832
4405,00bc9b1755666e9f.jpg,Meal,99.50178527832
4406,00bc9b1755666e9f.jpg,Food,99.50178527832
4407,00bc9b1755666e9f.jpg,Noodle,96.313491821289
4408,00bc9b1755666e9f.jpg,Pasta,96.313491821289
4409,00bc9b1755666e9f.jpg,Bowl,92.721557617188
4410,0b1d64fd0def63a5.jpg,Food,99.823722839355
4411,0b1d64fd0def63a5.jpg,Bread,99.823722839355
4412,0b1d64fd0def63a5.jpg,Cornbread,91.914276123047
4413,0b1d64fd0def63a5.jpg,Pancake,75.33910369873
4414,0b1d64fd0def63a5.jpg,Pita,71.144927978516
4415,0c8ee018bf618ca7.jpg,Food,99.776916503906
4416,0c8ee018bf618ca7.jpg,Burger,99.776916503906
4417,0c8ee018bf618ca7.jpg,Egg,79.939819335938
4418,0d4fe6fb4e596015.jpg,Glass,98.900634765625
4419,0d4fe6fb4e596015.jpg,Wine,97.66081237793
4420,0d4fe6fb4e596015.jpg,Beverage,97.66081237793
4421,0d4fe6fb4e596015.jpg,Alcohol,97.66081237793
4422,0d4fe6fb4e596015.jpg,Plant,93.72827911377
4423,0d4fe6fb4e596015.jpg,Person,93.630661010742
4424,0d4fe6fb4e596015.jpg,Wine Glass,91.750862121582
4425,0d4fe6fb4e596015.jpg,Flower,89.504188537598
4426,0d4fe6fb4e596015.jpg,Red Wine,77.769477844238
4427,0d4fe6fb4e596015.jpg,Bottle,73.604606628418
4428,0bebebf48acb4376.jpg,Plant,89.175605773926
4429,0bebebf48acb4376.jpg,Food,89.029312133789
4430,0bebebf48acb4376.jpg,Meal,88.942283630371
4431,0bebebf48acb4376.jpg,Dish,88.942283630371
4432,0bebebf48acb4376.jpg,Pasta,74.012176513672
4433,0bebebf48acb4376.jpg,Noodle,74.012176513672
4434,0bebebf48acb4376.jpg,Sprout,73.167434692383
4435,0bebebf48acb4376.jpg,Seasoning,71.597152709961
4436,0c0f3cde17d19338.jpg,Food,93.442176818848
4437,0c0f3cde17d19338.jpg,Fries,93.261100769043
4438,0c0f3cde17d19338.jpg,Plant,88.860679626465
4439,0c0f3cde17d19338.jpg,Sprout,74.700271606445
4440,0c0f3cde17d19338.jpg,Produce,72.750961303711
4441,0c5af399a690398d.jpg,Food,94.931686401367
4442,0be4786e4b22731a.jpg,Bread,99.900093078613
4443,0be4786e4b22731a.jpg,Food,99.900093078613
4444,0be4786e4b22731a.jpg,Plant,97.050048828125
4445,0be4786e4b22731a.jpg,Produce,92.876335144043
4446,0be4786e4b22731a.jpg,Pizza,88.933258056641
4447,0be4786e4b22731a.jpg,Dish,86.08699798584
4448,0be4786e4b22731a.jpg,Meal,86.08699798584
4449,0be4786e4b22731a.jpg,Vegetable,78.357452392578
4450,0be4786e4b22731a.jpg,Lentil,73.824165344238
4451,0be4786e4b22731a.jpg,Bean,73.824165344238
4452,0c111491937b45ca.jpg,Plant,94.867538452148
4453,0c111491937b45ca.jpg,Meal,92.826301574707
4454,0c111491937b45ca.jpg,Food,92.826301574707
4455,0c111491937b45ca.jpg,Dish,86.639656066895
4456,0c111491937b45ca.jpg,Burger,83.627807617188
4457,0c111491937b45ca.jpg,Produce,77.606704711914
4458,0c111491937b45ca.jpg,Vegetable,77.534027099609
4459,0c65a92b784a8e6c.jpg,Bowl,98.943328857422
4460,0c65a92b784a8e6c.jpg,Cutlery,94.802185058594
4461,0c65a92b784a8e6c.jpg,Fork,94.802185058594
4462,0c65a92b784a8e6c.jpg,Plant,82.143737792969
4463,0c237900f4a2e85b.jpg,Plant,99.840629577637
4464,0c237900f4a2e85b.jpg,Food,95.453437805176
4465,0c237900f4a2e85b.jpg,Vegetable,95.453437805176
4466,0c237900f4a2e85b.jpg,Garlic,79.491714477539
4467,0cef58212facf8b4.jpg,Burrito,99.740272521973
4468,0cef58212facf8b4.jpg,Food,99.740272521973
4469,0cef58212facf8b4.jpg,Bread,80.159111022949
4470,0be05cfdb62c6cd6.jpg,Food,89.608238220215
4471,0be05cfdb62c6cd6.jpg,Dessert,82.402626037598
4472,0be05cfdb62c6cd6.jpg,Cake,82.402626037598
4473,0be05cfdb62c6cd6.jpg,Plant,71.073310852051
4474,0be05cfdb62c6cd6.jpg,Birthday Cake,71.018280029297
4475,0cfd3d79d163c6ee.jpg,Egg,97.66007232666
4476,0cfd3d79d163c6ee.jpg,Food,97.66007232666
4477,0cfd3d79d163c6ee.jpg,Plant,97.379302978516
4478,0cfd3d79d163c6ee.jpg,Meal,92.99137878418
4479,0cfd3d79d163c6ee.jpg,Dish,92.99137878418
4480,0cfd3d79d163c6ee.jpg,Fruit,80.468620300293
